ID,y,x,스타벅스 매장수,커피빈 매장수,이디야 매장수,빽다방 매장수,커피지수
강릉,3,11,5.0,0.0,14.0,2.0,0.3125
고성(강원),0,10,2.0,0.0,1.0,0.0,2.0
동해,4,11,1.0,1.0,1.0,1.0,1.0
삼척,5,11,1.0,0.0,1.0,2.0,0.3333333333333333
속초,1,10,4.0,0.0,8.0,0.0,0.5
양구,0,9,0.0,0.0,1.0,0.0,0.0
양양,2,10,0.0,0.0,2.0,0.0,0.0
영월,7,10,0.0,0.0,0.0,0.0,0.0
원주,5,10,10.0,1.0,11.0,5.0,0.6875
인제,1,8,1.0,0.0,3.0,0.0,0.3333333333333333
정선,3,10,0.0,0.0,2.0,0.0,0.0
철원,0,7,0.0,0.0,2.0,0.0,0.0
춘천,1,9,10.0,1.0,25.0,4.0,0.3793103448275862
태백,4,10,1.0,0.0,1.0,0.0,1.0
평창,6,10,2.0,0.0,2.0,0.0,1.0
홍천,2,8,2.0,0.0,3.0,1.0,0.5
화천,0,8,0.0,0.0,1.0,0.0,0.0
횡성,2,9,0.0,0.0,1.0,0.0,0.0
가평,3,7,0.0,0.0,7.0,0.0,0.0
과천,7,7,4.0,0.0,1.0,1.0,2.0
광명,4,4,11.0,0.0,10.0,2.0,0.9166666666666666
광주,7,9,5.0,0.0,15.0,3.0,0.2777777777777778
구리,3,8,3.0,1.0,12.0,3.0,0.26666666666666666
군포,9,5,4.0,2.0,10.0,7.0,0.35294117647058826
수원 권선,10,5,7.0,1.0,13.0,2.0,0.5333333333333333
용인 기흥,9,8,13.0,2.0,20.0,7.0,0.5555555555555556
김포,4,2,14.0,2.0,22.0,8.0,0.5333333333333333
남양주,2,7,12.0,1.0,46.0,3.0,0.2653061224489796
안산 단원,8,3,3.0,0.0,22.0,3.0,0.12
고양 덕양,3,4,19.0,1.0,19.0,4.0,0.8695652173913043
동두천,1,4,4.0,0.0,2.0,0.0,2.0
안양 동안,5,3,14.0,2.0,13.0,4.0,0.9411764705882353
안양 만안,4,3,4.0,1.0,10.0,4.0,0.35714285714285715
부천,5,2,7.0,7.0,32.0,9.0,0.34146341463414637
성남 분당,8,7,47.0,17.0,21.0,12.0,1.9393939393939394
안산 상록,7,3,1.0,0.0,10.0,1.0,0.09090909090909091
성남 수정,8,8,3.0,1.0,8.0,4.0,0.3333333333333333
용인 수지,8,9,10.0,2.0,18.0,3.0,0.5714285714285714
시흥,6,3,9.0,1.0,19.0,8.0,0.37037037037037035
안성,10,4,5.0,0.0,5.0,0.0,1.0
양주,1,3,7.0,0.0,15.0,0.0,0.4666666666666667
양평,4,9,3.0,0.0,4.0,1.0,0.6
여주,5,9,2.0,1.0,4.0,0.0,0.75
연천,1,5,0.0,2.0,1.0,0.0,2.0
수원 영통,9,7,10.0,4.0,19.0,4.0,0.6086956521739131
오산,10,3,6.0,0.0,8.0,2.0,0.6
의왕,9,6,1.0,0.0,6.0,1.0,0.14285714285714285
의정부,1,7,12.0,0.0,22.0,4.0,0.46153846153846156
이천,6,9,8.0,3.0,7.0,1.0,1.375
고양 일산동,2,4,16.0,5.0,14.0,2.0,1.3125
고양 일산서,3,3,16.0,5.0,12.0,1.0,1.6153846153846154
수원 장안,10,6,4.0,2.0,7.0,3.0,0.6
성남 중원,7,8,2.0,1.0,6.0,3.0,0.3333333333333333
용인 처인,9,9,5.0,0.0,5.0,2.0,0.7142857142857143
파주,2,3,7.0,1.0,19.0,8.0,0.2962962962962963
수원 팔달,11,6,13.0,3.0,11.0,4.0,1.0666666666666667
평택,11,4,10.0,1.0,13.0,5.0,0.6111111111111112
포천,1,6,5.0,0.0,9.0,1.0,0.5
하남,3,9,10.0,1.0,17.0,1.0,0.6111111111111112
화성,9,3,19.0,5.0,25.0,11.0,0.6666666666666666
거제,22,8,5.0,0.0,7.0,0.0,0.7142857142857143
거창,16,6,0.0,0.0,1.0,1.0,0.0
고성(경남),22,7,0.0,0.0,1.0,2.0,0.0
김해,20,9,12.0,0.0,27.0,2.0,0.41379310344827586
남해,22,6,0.0,0.0,1.0,0.0,0.0
창원 합포,19,8,3.0,0.0,6.0,1.0,0.42857142857142855
창원 회원,21,7,4.0,0.0,3.0,0.0,1.3333333333333333
밀양,17,8,3.0,0.0,5.0,0.0,0.6
사천,21,6,2.0,0.0,3.0,0.0,0.6666666666666666
산청,19,5,1.0,0.0,1.0,0.0,1.0
창원 성산,20,7,7.0,4.0,12.0,1.0,0.8461538461538461
양산,19,7,6.0,0.0,14.0,1.0,0.4
의령,18,7,0.0,0.0,0.0,0.0,0.0
창원 의창,20,6,5.0,1.0,10.0,1.0,0.5454545454545454
진주,18,6,7.0,1.0,19.0,4.0,0.34782608695652173
창원 진해,20,8,2.0,1.0,5.0,0.0,0.6
창녕,17,7,1.0,0.0,2.0,0.0,0.5
통영,21,8,2.0,1.0,1.0,3.0,0.75
하동,20,5,1.0,0.0,0.0,0.0,0.0
함안,19,6,0.0,2.0,1.0,0.0,2.0
함양,17,6,1.0,0.0,1.0,0.0,1.0
합천,16,7,0.0,0.0,1.0,0.0,0.0
경산,12,11,8.0,0.0,9.0,3.0,0.6666666666666666
경주,12,12,8.0,2.0,24.0,2.0,0.38461538461538464
고령,13,9,1.0,0.0,1.0,0.0,1.0
구미,10,10,10.0,1.0,13.0,6.0,0.5789473684210527
군위,11,10,0.0,0.0,0.0,0.0,0.0
김천,11,9,2.0,0.0,3.0,0.0,0.6666666666666666
포항 남구,11,12,10.0,0.0,4.0,1.0,2.0
문경,8,10,1.0,0.0,4.0,0.0,0.25
봉화,8,11,0.0,0.0,1.0,0.0,0.0
포항 북구,10,12,6.0,1.0,10.0,2.0,0.5833333333333334
상주,11,8,0.0,1.0,2.0,0.0,0.5
성주,13,11,0.0,0.0,1.0,0.0,0.0
안동,9,10,5.0,0.0,8.0,2.0,0.5
영덕,7,11,1.0,0.0,2.0,0.0,0.5
영양,9,11,1.0,0.0,0.0,0.0,0.0
영주,10,9,0.0,0.0,4.0,1.0,0.0
영천,12,10,0.0,0.0,1.0,0.0,0.0
예천,10,8,0.0,0.0,0.0,1.0,0.0
울릉,8,13,0.0,0.0,0.0,0.0,0.0
울진,6,11,0.0,1.0,3.0,1.0,0.25
의성,11,11,0.0,0.0,0.0,0.0,0.0
청도,13,10,1.0,0.0,2.0,0.0,0.5
청송,10,11,0.0,0.0,1.0,0.0,0.0
칠곡,12,9,1.0,0.0,5.0,0.0,0.2
광주 광산,21,2,16.0,0.0,18.0,2.0,0.8
광주 남구,23,2,11.0,2.0,6.0,1.0,1.8571428571428572
광주 동구,23,3,9.0,1.0,4.0,4.0,1.25
광주 북구,22,3,14.0,0.0,10.0,2.0,1.1666666666666667
광주 서구,22,2,15.0,1.0,10.0,2.0,1.3333333333333333
대구 남구,15,9,4.0,0.0,6.0,0.0,0.6666666666666666
대구 달서,16,8,21.0,0.0,12.0,5.0,1.2352941176470589
대구 달성,16,9,3.0,0.0,9.0,3.0,0.25
대구 동구,15,10,8.0,1.0,8.0,2.0,0.9
대구 북구,14,8,6.0,0.0,11.0,3.0,0.42857142857142855
대구 서구,15,8,3.0,0.0,1.0,0.0,3.0
대구 수성,14,10,23.0,2.0,8.0,2.0,2.5
대구 중구,14,9,14.0,3.0,7.0,3.0,1.7
대전 대덕,13,5,6.0,0.0,2.0,2.0,1.5
대전 동구,14,5,6.0,2.0,3.0,4.0,1.1428571428571428
대전 서구,16,4,25.0,2.0,12.0,10.0,1.2272727272727273
대전 유성,15,4,11.0,1.0,11.0,6.0,0.7058823529411765
대전 중구,15,5,5.0,0.0,2.0,7.0,0.5555555555555556
부산 강서,18,8,2.0,1.0,7.0,0.0,0.42857142857142855
부산 금정,16,10,6.0,0.0,9.0,3.0,0.5
부산 기장,16,12,6.0,1.0,5.0,0.0,1.4
부산 남구,19,11,5.0,0.0,13.0,1.0,0.35714285714285715
부산 동구,18,10,6.0,1.0,4.0,0.0,1.75
부산 동래,16,11,6.0,0.0,11.0,1.0,0.5
부산 부산진,17,10,21.0,2.0,18.0,3.0,1.0952380952380953
부산 북구,17,9,2.0,0.0,12.0,3.0,0.13333333333333333
부산 사상,18,9,3.0,0.0,3.0,0.0,1.0
부산 사하,19,10,9.0,0.0,12.0,1.0,0.6923076923076923
부산 서구,19,9,3.0,0.0,5.0,0.0,0.6
부산 수영,20,11,7.0,1.0,6.0,0.0,1.3333333333333333
부산 연제,17,11,6.0,0.0,8.0,0.0,0.75
부산 영도,20,10,0.0,0.0,3.0,0.0,0.0
부산 중구,18,11,9.0,2.0,9.0,3.0,0.9166666666666666
부산 해운대,17,12,29.0,5.0,9.0,2.0,3.090909090909091
서울 강남,8,6,87.0,69.0,42.0,12.0,2.888888888888889
서울 강동,5,8,14.0,9.0,13.0,6.0,1.2105263157894737
서울 강북,3,5,5.0,2.0,11.0,1.0,0.5833333333333334
서울 강서,6,4,19.0,6.0,42.0,8.0,0.5
서울 관악,7,5,12.0,3.0,21.0,4.0,0.6
서울 광진,6,7,16.0,5.0,14.0,4.0,1.1666666666666667
서울 구로,9,4,12.0,2.0,19.0,6.0,0.56
서울 금천,8,5,13.0,2.0,11.0,1.0,1.25
서울 노원,2,6,11.0,3.0,24.0,5.0,0.4827586206896552
서울 도봉,2,5,2.0,0.0,8.0,0.0,0.25
서울 동대문,4,7,8.0,4.0,19.0,3.0,0.5454545454545454
서울 동작,6,5,11.0,1.0,10.0,4.0,0.8571428571428571
서울 마포,5,5,33.0,11.0,24.0,5.0,1.5172413793103448
서울 서대문,4,5,22.0,8.0,12.0,4.0,1.875
서울 서초,7,6,49.0,31.0,20.0,7.0,2.962962962962963
서울 성동,5,7,9.0,2.0,15.0,2.0,0.6470588235294118
서울 성북,3,6,15.0,4.0,20.0,7.0,0.7037037037037037
서울 송파,6,8,34.0,13.0,28.0,10.0,1.236842105263158
서울 양천,7,4,12.0,4.0,14.0,0.0,1.1428571428571428
서울 영등포,8,4,30.0,13.0,27.0,5.0,1.34375
서울 용산,6,6,22.0,6.0,11.0,4.0,1.8666666666666667
서울 은평,5,4,11.0,2.0,17.0,6.0,0.5652173913043478
서울 종로,4,6,33.0,15.0,14.0,5.0,2.526315789473684
서울 중구,5,6,57.0,15.0,22.0,7.0,2.4827586206896552
서울 중랑,4,8,7.0,2.0,13.0,2.0,0.6
세종,13,4,0.0,0.0,0.0,0.0,0.0
울산 남구,15,12,19.0,2.0,29.0,5.0,0.6176470588235294
울산 동구,14,12,2.0,0.0,8.0,1.0,0.2222222222222222
울산 북구,13,12,5.0,0.0,16.0,1.0,0.29411764705882354
울산 울주,14,11,1.0,0.0,11.0,1.0,0.08333333333333333
울산 중구,15,11,7.0,2.0,14.0,1.0,0.6
인천 강화,5,1,1.0,0.0,1.0,1.0,0.5
인천 계양,7,2,3.0,0.0,12.0,6.0,0.16666666666666666
인천 남동,10,2,14.0,1.0,32.0,13.0,0.3333333333333333
인천 동구,6,2,2.0,0.0,2.0,0.0,1.0
인천 미추홀,9,2,8.0,0.0,13.0,4.0,0.47058823529411764
인천 부평,8,2,11.0,2.0,26.0,2.0,0.4642857142857143
인천 서구,6,1,8.0,0.0,27.0,4.0,0.25806451612903225
인천 연수,10,1,14.0,7.0,14.0,7.0,1.0
인천 옹진,10,0,0.0,0.0,2.0,0.0,0.0
인천 중구,9,1,5.0,3.0,13.0,4.0,0.47058823529411764
강진,24,1,0.0,0.0,1.0,0.0,0.0
고흥,22,5,0.0,0.0,3.0,0.0,0.0
곡성,21,3,0.0,0.0,1.0,0.0,0.0
광양,21,5,2.0,0.0,9.0,1.0,0.2
구례,20,4,0.0,0.0,0.0,0.0,0.0
나주,22,1,1.0,0.0,5.0,0.0,0.2
담양,20,2,0.0,0.0,1.0,0.0,0.0
목포,22,0,5.0,0.0,10.0,5.0,0.3333333333333333
무안,21,1,0.0,0.0,3.0,1.0,0.0
보성,24,3,0.0,0.0,0.0,0.0,0.0
순천,22,4,5.0,0.0,17.0,1.0,0.2777777777777778
신안,21,0,0.0,0.0,0.0,0.0,0.0
여수,23,4,8.0,1.0,17.0,2.0,0.47368421052631576
영광,19,1,0.0,0.0,3.0,0.0,0.0
영암,23,1,0.0,0.0,1.0,0.0,0.0
완도,25,2,0.0,0.0,1.0,0.0,0.0
장성,19,2,0.0,0.0,1.0,0.0,0.0
장흥,24,2,0.0,0.0,0.0,0.0,0.0
진도,24,0,0.0,0.0,1.0,0.0,0.0
함평,20,1,0.0,0.0,0.0,0.0,0.0
해남,23,0,0.0,1.0,2.0,0.0,0.5
화순,21,4,0.0,0.0,0.0,0.0,0.0
고창,18,1,0.0,0.0,1.0,0.0,0.0
군산,16,2,3.0,1.0,9.0,0.0,0.4444444444444444
김제,17,3,0.0,0.0,3.0,1.0,0.0
남원,18,5,0.0,0.0,1.0,0.0,0.0
전주 덕진,18,3,6.0,0.0,16.0,2.0,0.3333333333333333
무주,16,5,0.0,0.0,1.0,0.0,0.0
부안,17,2,1.0,0.0,4.0,0.0,0.25
순창,20,3,1.0,0.0,1.0,0.0,1.0
전주 완산,19,3,12.0,1.0,20.0,3.0,0.5652173913043478
완주,17,4,0.0,0.0,5.0,0.0,0.0
익산,16,3,4.0,0.0,8.0,1.0,0.4444444444444444
임실,19,4,1.0,0.0,1.0,0.0,1.0
장수,17,5,0.0,0.0,0.0,0.0,0.0
정읍,18,2,0.0,0.0,2.0,1.0,0.0
진안,18,4,0.0,0.0,0.0,0.0,0.0
서귀포,26,5,12.0,0.0,7.0,5.0,1.0
제주,25,5,13.0,0.0,6.0,4.0,1.3
계룡,14,4,1.0,0.0,0.0,0.0,0.0
공주,12,4,2.0,0.0,5.0,1.0,0.3333333333333333
금산,15,3,0.0,1.0,0.0,0.0,0.0
논산,14,3,1.0,0.0,2.0,0.0,0.5
당진,12,1,4.0,0.0,6.0,3.0,0.4444444444444444
천안 동남,11,2,6.0,1.0,5.0,4.0,0.7777777777777778
보령,13,2,2.0,0.0,1.0,1.0,1.0
부여,14,2,0.0,0.0,2.0,0.0,0.0
천안 서북,11,3,12.0,0.0,12.0,6.0,0.6666666666666666
서산,13,1,4.0,0.0,6.0,1.0,0.5714285714285714
서천,15,2,1.0,0.0,2.0,0.0,0.5
아산,11,1,9.0,0.0,8.0,4.0,0.75
예산,12,3,1.0,0.0,6.0,0.0,0.16666666666666666
청양,13,3,1.0,0.0,0.0,0.0,0.0
태안,11,0,0.0,0.0,2.0,0.0,0.0
홍성,12,2,0.0,0.0,3.0,2.0,0.0
괴산,12,8,0.0,0.0,2.0,0.0,0.0
단양,11,7,0.0,0.0,1.0,0.0,0.0
보은,13,8,1.0,0.0,2.0,0.0,0.5
청주 상당,14,6,5.0,1.0,7.0,2.0,0.6666666666666666
청주 서원,14,7,4.0,0.0,6.0,3.0,0.4444444444444444
영동,15,7,0.0,0.0,1.0,0.0,0.0
옥천,15,6,0.0,0.0,1.0,0.0,0.0
음성,11,5,2.0,1.0,3.0,0.0,1.0
제천,10,7,1.0,2.0,5.0,0.0,0.6
증평,13,6,1.0,0.0,3.0,0.0,0.3333333333333333
진천,12,5,1.0,0.0,4.0,0.0,0.25
청주 청원,13,7,3.0,0.0,8.0,1.0,0.3333333333333333
충주,12,6,6.0,0.0,5.0,1.0,1.0
청주 흥덕,12,7,10.0,1.0,14.0,4.0,0.6111111111111112
